{
  "variables": {
    "z_1": 1.0,
    "z_2": 1.0,
    "z_3": -0.0,
    "b_1_1": 1.0,
    "b_1_2": -0.0,
    "b_1_3": -0.0,
    "b_2_1": -0.0,
    "b_2_2": 1.0,
    "b_2_3": -0.0,
    "b_3_1": 1.0,
    "b_3_2": -0.0,
    "b_3_3": -0.0,
    "b_4_1": 1.0,
    "b_4_2": -0.0,
    "b_4_3": -0.0
  },
  "objective": 3.0,
  "is_optimal": true,
  "inf_or_unb": false,
  "feasible_found": true,
  "node_count": 0.0,
  "total_time": 0.006410121917724609,
  "dual_bound": 3.0,
  "gap": 0.0,
  "cb_total_time": 0.004154682159423828,
  "opt_time": 0.006753683090209961,
  "real_time": 0.012542724609375
}