{
  "variables": {
    "z_1": 1.0,
    "z_2": -0.0,
    "b_1_1": 1.0,
    "b_1_2": 0.0,
    "b_2_1": 1.0,
    "b_2_2": 0.0,
    "b_3_1": 1.0,
    "b_3_2": 0.0,
    "b_4_1": 1.0,
    "b_4_2": 0.0
  },
  "objective": 1.0,
  "is_optimal": true,
  "inf_or_unb": false,
  "feasible_found": true,
  "node_count": 1.0,
  "total_time": 0.005131959915161133,
  "dual_bound": 1.0,
  "gap": 0.0,
  "cb_total_time": 0.003198862075805664,
  "opt_time": 0.005388736724853516,
  "real_time": 0.022437572479248047
}