{
  "variables": {
    "z_1": 1.0,
    "z_2": 1.0,
    "z_3": 1.0,
    "z_4": 1.0,
    "z_5": 0.0,
    "b_1_1": 1.0,
    "b_1_2": 0.0,
    "b_1_3": 0.0,
    "b_1_4": 0.0,
    "b_1_5": 0.0,
    "b_2_1": 0.0,
    "b_2_2": 1.0,
    "b_2_3": 0.0,
    "b_2_4": 0.0,
    "b_2_5": 0.0,
    "b_3_1": 0.0,
    "b_3_2": 0.0,
    "b_3_3": 0.0,
    "b_3_4": 1.0,
    "b_3_5": 0.0,
    "b_4_1": 0.0,
    "b_4_2": 0.0,
    "b_4_3": 1.0,
    "b_4_4": 0.0,
    "b_4_5": 0.0
  },
  "objective": 10.0,
  "is_optimal": true,
  "inf_or_unb": false,
  "feasible_found": true,
  "node_count": 1.0,
  "total_time": 0.003908872604370117,
  "dual_bound": 10.0,
  "gap": 0.0,
  "cb_total_time": 0.0017559528350830078,
  "opt_time": 0.004292011260986328,
  "real_time": 0.02295398712158203
}