{
  "variables": {
    "z_1": 1.0,
    "z_2": -0.0,
    "b_1_1": 1.0,
    "b_1_2": 0.0,
    "b_2_1": 1.0,
    "b_2_2": 0.0,
    "b_3_1": 1.0,
    "b_3_2": 0.0,
    "b_4_1": 1.0,
    "b_4_2": 0.0
  },
  "objective": 1.0,
  "is_optimal": true,
  "inf_or_unb": false,
  "feasible_found": true,
  "node_count": 0.0,
  "total_time": 0.004790067672729492,
  "dual_bound": 1.0,
  "gap": 0.0,
  "cb_total_time": 0.002389192581176758,
  "opt_time": 0.005079030990600586,
  "real_time": 0.010023117065429688
}