{
  "variables": {
    "x_1_1_0_0": -0.0,
    "x_1_1_0_1": 1.0,
    "x_2_1_0_0": 0.0,
    "x_2_1_0_1": -0.0,
    "x_3_1_0_0": 1.0,
    "x_3_1_0_1": -0.0,
    "x_4_1_0_0": -0.0,
    "x_4_1_0_1": 0.0,
    "x_1_2_0_0": -0.0,
    "x_1_2_0_1": -0.0,
    "x_2_2_0_0": -0.0,
    "x_2_2_0_1": 1.0,
    "x_3_2_0_0": 0.0,
    "x_3_2_0_1": -0.0,
    "x_4_2_0_0": 1.0,
    "x_4_2_0_1": -0.0,
    "x_1_3_0_0": -0.0,
    "x_1_3_0_1": -0.0,
    "x_2_3_0_0": -0.0,
    "x_2_3_0_1": -0.0,
    "x_3_3_0_0": -0.0,
    "x_3_3_0_1": -0.0,
    "x_4_3_0_0": -0.0,
    "x_4_3_0_1": -0.0,
    "z_1": 1.0,
    "z_2": 1.0,
    "z_3": -0.0
  },
  "objective": 3.0,
  "is_optimal": true,
  "inf_or_unb": false,
  "feasible_found": true,
  "node_count": 1.0,
  "total_time": 0.0022668838500976562,
  "dual_bound": 3.0,
  "gap": 0.0,
  "cb_total_time": 0,
  "real_time": 0.010676145553588867
}