{
  "variables": {
    "x_1_1_0_0": 1.0,
    "x_2_1_0_0": 0.0,
    "x_3_1_0_0": 0.0,
    "x_4_1_0_0": 0.0,
    "x_1_2_0_0": 0.0,
    "x_2_2_0_0": 1.0,
    "x_3_2_0_0": 0.0,
    "x_4_2_0_0": 0.0,
    "x_1_3_0_0": 0.0,
    "x_2_3_0_0": 0.0,
    "x_3_3_0_0": 0.0,
    "x_4_3_0_0": 1.0,
    "x_1_4_0_0": 0.0,
    "x_2_4_0_0": 0.0,
    "x_3_4_0_0": 1.0,
    "x_4_4_0_0": 0.0,
    "x_1_5_0_0": 0.0,
    "x_2_5_0_0": 0.0,
    "x_3_5_0_0": 0.0,
    "x_4_5_0_0": 0.0,
    "z_1": 1.0,
    "z_2": 1.0,
    "z_3": 1.0,
    "z_4": 1.0,
    "z_5": 0.0
  },
  "objective": 10.0,
  "is_optimal": true,
  "inf_or_unb": false,
  "feasible_found": true,
  "node_count": 1.0,
  "total_time": 0.0021440982818603516,
  "dual_bound": 10.0,
  "gap": 0.0,
  "cb_total_time": 0,
  "real_time": 0.008553743362426758
}